{
  "status": "DEVELOPMENT_RESTRICTED",
  "production_eligible": false,
  "ml_enabled_for_prototype": true,
  "model_id": "prototype-20260629T152908Z",
  "selected_model": "extra_trees_deep",
  "class_order": [
    "exoplanet_transit",
    "eclipsing_binary",
    "blend_contamination",
    "stellar_variability_or_other"
  ],
  "source": "C:\\Users\\arach\\Documents\\Projects\\Transitlens\\transitlens-ml-core\\phase2_prototype\\current",
  "seed": 42,
  "python": "3.14.6",
  "validation_metrics": {
    "targets": 1037,
    "macro_f1": 0.523448086560504,
    "ece": 0.03760158619953869,
    "brier_score": 0.3687539390224997,
    "per_class": {
      "exoplanet_transit": {
        "precision": 0.582089552238806,
        "recall": 0.609375,
        "f1-score": 0.5954198473282443,
        "support": 256.0
      },
      "eclipsing_binary": {
        "precision": 0.8156312625250501,
        "recall": 0.805940594059406,
        "f1-score": 0.8107569721115537,
        "support": 505.0
      },
      "blend_contamination": {
        "precision": 0.6914498141263941,
        "recall": 0.6838235294117647,
        "f1-score": 0.6876155268022182,
        "support": 272.0
      },
      "stellar_variability_or_other": {
        "precision": 0.0,
        "recall": 0.0,
        "f1-score": 0.0,
        "support": 4.0
      }
    }
  },
  "blind_test_metrics": {
    "targets": 1030,
    "macro_f1": 0.5286385639263778,
    "ece": 0.058166122685427465,
    "brier_score": 0.3709443638718664,
    "per_class": {
      "exoplanet_transit": {
        "precision": 0.6178861788617886,
        "recall": 0.5846153846153846,
        "f1-score": 0.6007905138339921,
        "support": 260.0
      },
      "eclipsing_binary": {
        "precision": 0.8092369477911646,
        "recall": 0.8125,
        "f1-score": 0.8108651911468813,
        "support": 496.0
      },
      "blend_contamination": {
        "precision": 0.6879432624113475,
        "recall": 0.7185185185185186,
        "f1-score": 0.7028985507246377,
        "support": 270.0
      },
      "stellar_variability_or_other": {
        "precision": 0.0,
        "recall": 0.0,
        "f1-score": 0.0,
        "support": 4.0
      }
    },
    "review_rate": 0.48640776699029126,
    "coverage": 0.5135922330097087
  },
  "review_policy": {
    "minimum_probability": 0.6499999999999999,
    "maximum_normalized_entropy": 0.7500000000000001,
    "maximum_disagreement": 0.12
  },
  "trials": [
    {
      "model": "extra_trees_deep",
      "selection_score": 0.6189660562500896,
      "targets": 1037,
      "macro_f1": 0.523448086560504,
      "ece": 0.03532993525278964,
      "brier_score": 0.3683308444689351,
      "per_class": {
        "exoplanet_transit": {
          "precision": 0.582089552238806,
          "recall": 0.609375,
          "f1-score": 0.5954198473282443,
          "support": 256.0
        },
        "eclipsing_binary": {
          "precision": 0.8156312625250501,
          "recall": 0.805940594059406,
          "f1-score": 0.8107569721115537,
          "support": 505.0
        },
        "blend_contamination": {
          "precision": 0.6914498141263941,
          "recall": 0.6838235294117647,
          "f1-score": 0.6876155268022182,
          "support": 272.0
        },
        "stellar_variability_or_other": {
          "precision": 0.0,
          "recall": 0.0,
          "f1-score": 0.0,
          "support": 4.0
        }
      }
    },
    {
      "model": "extra_trees_balanced",
      "selection_score": 0.6162441329682906,
      "targets": 1037,
      "macro_f1": 0.5409421038745282,
      "ece": 0.04901122121240219,
      "brier_score": 0.3812648858152496,
      "per_class": {
        "exoplanet_transit": {
          "precision": 0.5514018691588785,
          "recall": 0.69140625,
          "f1-score": 0.6135181975736569,
          "support": 256.0
        },
        "eclipsing_binary": {
          "precision": 0.8992628992628993,
          "recall": 0.7247524752475247,
          "f1-score": 0.8026315789473685,
          "support": 505.0
        },
        "blend_contamination": {
          "precision": 0.7037037037037037,
          "recall": 0.6985294117647058,
          "f1-score": 0.7011070110701108,
          "support": 272.0
        },
        "stellar_variability_or_other": {
          "precision": 0.02564102564102564,
          "recall": 0.25,
          "f1-score": 0.046511627906976744,
          "support": 4.0
        }
      }
    },
    {
      "model": "hist_gradient_boosting",
      "selection_score": 0.6140542392151978,
      "targets": 1037,
      "macro_f1": 0.5261718994692811,
      "ece": 0.12034501436441428,
      "brier_score": 0.3827671087904314,
      "per_class": {
        "exoplanet_transit": {
          "precision": 0.5614617940199336,
          "recall": 0.66015625,
          "f1-score": 0.6068222621184919,
          "support": 256.0
        },
        "eclipsing_binary": {
          "precision": 0.8635346756152126,
          "recall": 0.7643564356435644,
          "f1-score": 0.8109243697478992,
          "support": 505.0
        },
        "blend_contamination": {
          "precision": 0.6689895470383276,
          "recall": 0.7058823529411765,
          "f1-score": 0.6869409660107334,
          "support": 272.0
        },
        "stellar_variability_or_other": {
          "precision": 0.0,
          "recall": 0.0,
          "f1-score": 0.0,
          "support": 4.0
        }
      }
    },
    {
      "model": "random_forest_balanced",
      "selection_score": 0.608673296260854,
      "targets": 1037,
      "macro_f1": 0.518985846503365,
      "ece": 0.04372602926736485,
      "brier_score": 0.35809594936230693,
      "per_class": {
        "exoplanet_transit": {
          "precision": 0.5503355704697986,
          "recall": 0.640625,
          "f1-score": 0.592057761732852,
          "support": 256.0
        },
        "eclipsing_binary": {
          "precision": 0.8412017167381974,
          "recall": 0.7762376237623763,
          "f1-score": 0.8074150360453141,
          "support": 505.0
        },
        "blend_contamination": {
          "precision": 0.6764705882352942,
          "recall": 0.6764705882352942,
          "f1-score": 0.6764705882352942,
          "support": 272.0
        },
        "stellar_variability_or_other": {
          "precision": 0.0,
          "recall": 0.0,
          "f1-score": 0.0,
          "support": 4.0
        }
      }
    },
    {
      "model": "logistic_regression",
      "selection_score": 0.5091226466250074,
      "targets": 1037,
      "macro_f1": 0.44695512651494246,
      "ece": 0.15065184944613108,
      "brier_score": 0.5196290914593529,
      "per_class": {
        "exoplanet_transit": {
          "precision": 0.521551724137931,
          "recall": 0.47265625,
          "f1-score": 0.4959016393442623,
          "support": 256.0
        },
        "eclipsing_binary": {
          "precision": 0.8659517426273459,
          "recall": 0.6396039603960396,
          "f1-score": 0.7357630979498861,
          "support": 505.0
        },
        "blend_contamination": {
          "precision": 0.6381909547738693,
          "recall": 0.46691176470588236,
          "f1-score": 0.5392781316348195,
          "support": 272.0
        },
        "stellar_variability_or_other": {
          "precision": 0.008583690987124463,
          "recall": 0.5,
          "f1-score": 0.016877637130801686,
          "support": 4.0
        }
      }
    }
  ],
  "artifact_hashes": {
    "model.joblib": "343cde7a073d9b377c6f4137ac32a5c784493ed3a56b5b8d14699a7b834b6a40",
    "preprocessor.joblib": "34faf29c88f7379a6e4789f6c814a7905d17f882158aab915a94cb997f8744c8",
    "calibration.joblib": "d53a8c7322c111af8a10d0a5df2a8fd99c2ab3ca3d41a64e9c5de495d434cbd4",
    "feature_order.json": "ae35cea29d63f24dc977eebdf504705fa98296b4a25a2e020261696502ae894a",
    "review_policy.json": "3d286627c6f2ef32ba1e1c4ab122da0e46296534ada25f3e79b67ad8ec454c50"
  },