{
  "minimum_probability": 0.6499999999999999,
  "maximum_normalized_entropy": 0.7500000000000001,
  "maximum_disagreement": 0.12
}