noise_rms,n,detection_recall,period_recovery_rate_1pct,false_positive_rate
0.0005,21,0.6190476190476191,0.5714285714285714,
0.001,30,0.5666666666666667,0.5,
0.002,24,0.375,0.375,
