snr_bin_lo,snr_bin_hi,n,detection_recall,period_recovery_rate_1pct,period_recovery_rate_5pct,median_period_error_pct,median_depth_error_pct,median_duration_error_pct
0,3,3,0.0,0.0,0.0,,,
3,5,5,0.2,0.2,0.2,0.04164749146747328,7.120236929936033,16.66666666666666
5,7,2,0.5,0.5,0.5,0.04164749146747328,11.998369308749677,11.999999999999996
7,10,2,0.5,0.5,0.5,25.048098876280097,33.349899417149715,5.999999999999998
10,15,5,0.8,0.8,0.8,0.04164749146747328,5.983789033837332,25.33333333333333
15,20,6,0.8333333333333334,0.6666666666666666,0.8333333333333334,0.09633270485656098,14.67346177488972,14.333333333333329
20,999,51,0.5882352941176471,0.5490196078431373,0.5882352941176471,0.17137072834785272,22.128710613953075,16.66666666666666
