noise_rms,n,detection_recall,period_recovery_rate_1pct,false_positive_rate
0.0005,21,1.0,1.0,
0.001,30,0.8666666666666667,0.8666666666666667,
0.002,24,0.7083333333333334,0.7083333333333334,
