snr_bin_lo,snr_bin_hi,n,detection_recall,period_recovery_rate_1pct,period_recovery_rate_5pct,median_period_error_pct,median_depth_error_pct,median_duration_error_pct
0,3,3,0.0,0.0,0.0,,,
3,5,5,0.0,0.0,0.0,,,
5,7,2,0.5,0.5,0.5,0.04164749146747328,11.998369308749677,11.999999999999996
7,10,2,0.0,0.0,0.0,,,
10,15,5,0.6,0.6,0.6,0.04164749146747328,4.853895528043205,20.999999999999993
15,20,6,0.6666666666666666,0.5,0.6666666666666666,0.09633270485656098,19.51234351017122,11.999999999999996
20,999,51,0.5882352941176471,0.5490196078431373,0.5882352941176471,0.17137072834785272,22.128710613953075,16.66666666666666
