injected_period_days,n,detection_recall,period_recovery_rate_1pct,median_period_error_pct
0.75,16,1.0,1.0,0.09633270485656098
1.5,8,1.0,1.0,0.17137072834785272
3.5,18,0.8888888888888888,0.8888888888888888,0.04164749146747328
7.0,20,0.15,0.0,49.979176254266264
12.0,13,0.0,0.0,50.05455026109272
