snr_bin_lo,snr_bin_hi,n,detection_recall,period_recovery_rate_1pct,period_recovery_rate_5pct,median_period_error_pct,median_depth_error_pct,median_duration_error_pct
0,3,3,0.0,0.0,0.0,,,
3,5,5,0.0,0.0,0.0,,,
5,7,2,0.5,0.5,0.5,0.018983810042502318,7.833940124537089,11.999999999999996
7,10,2,0.5,0.5,0.5,0.13310407852372325,11.376684578602738,11.999999999999996
10,15,5,1.0,1.0,1.0,0.07964369196397568,9.867816259769404,25.33333333333333
15,20,6,1.0,1.0,1.0,0.021437057630814747,12.314819801238388,14.333333333333329
20,999,51,0.9803921568627451,0.9803921568627451,0.9803921568627451,0.018983810042502318,3.4795141865615635,16.66666666666666
