snr_bin_lo,snr_bin_hi,n,detection_recall,period_recovery_rate_1pct,period_recovery_rate_5pct,median_period_error_pct,median_depth_error_pct,median_duration_error_pct
0,3,3,0.0,0.0,0.0,,,
3,5,5,0.0,0.0,0.0,,,
5,7,2,0.5,0.5,0.5,0.018983810042502318,11.505982970299266,11.999999999999996
7,10,2,0.5,0.5,0.5,0.13310407852372325,11.89750676199051,11.999999999999996
10,15,5,1.0,1.0,1.0,0.07053372908355135,4.205721950102745,25.33333333333333
15,20,6,1.0,1.0,1.0,0.016693938127642135,13.487905161934695,14.333333333333329
20,999,51,0.9803921568627451,0.9803921568627451,0.9803921568627451,0.018983810042502318,4.353188331212541,16.66666666666666
