injected_period_days,n,detection_recall,period_recovery_rate_1pct,median_period_error_pct
0.75,16,1.0,1.0,0.02022148135451355
1.5,8,1.0,1.0,0.01013587032788384
3.5,18,0.7777777777777778,0.7777777777777778,0.021437057630814747
7.0,20,0.8,0.8,0.03918199513137972
12.0,13,0.7692307692307693,0.7692307692307693,0.011999739787353175
