injected_depth,n,detection_recall,period_recovery_rate_1pct,median_period_error_pct
0.0003,10,0.3,0.3,0.018983810042502318
0.001,16,0.8125,0.8125,0.045217664625048684
0.003,15,0.9333333333333333,0.9333333333333333,0.021437057630814747
0.005,16,1.0,1.0,0.018983810042502318
0.015,18,1.0,1.0,0.011975279205911349
