injected_depth,n,detection_recall,period_recovery_rate_1pct,median_period_error_pct
0.0003,10,0.2,0.2,0.04164749146747328
0.001,16,0.625,0.5625,0.09633270485656098
0.003,15,0.5333333333333333,0.4666666666666667,1.194160207639491
0.005,16,0.625,0.5625,0.2736656683271314
0.015,18,0.5,0.5,25.07527349130706
