target_id,class,true_period,det_period,period_err_pct,true_depth,det_depth,depth_err_pct,true_duration,det_duration,duration_err_pct,fit_quality,period_uncertainty
candidate_b,eclipsing_binary,1.87,0.935089,49.995240641711234,0.18,0.105558,41.35666666666666,0.08,0.05,37.5,0.429252,0.07046635
TIC-261136679,exoplanet_transit,6.267832,13.23159,111.10313741657403,0.000321,0.00024,25.233644859813083,0.1162083333333333,0.112,3.6213696665471216,0.0,1.0019177
candidate_a,exoplanet_transit,3.42,3.420119,0.003479532163748605,0.013,0.012639,2.7769230769230786,0.16,0.112,30.0,0.573214,0.08448026
