{
  "evidence_tier": "real_held_out",
  "ephemeris_mode": "detected",
  "targets": 1030,
  "input_hashes": {
    "phase2_features_test.parquet": "de6bf8efd3a497efd8d534a69d27aa5c13685799c0aa7a8911b7b17304a5b701",
    "phase2_feature_metadata.parquet": "7f074bc52ef5f734bc721b1be4a7ed807e0773133a3c9e53d2e07983386da96d",
    "threshold_registry.yaml": "01a8dc59650944e00a910954e5f84f7647358d79201a799220b83f765a30405e"
  },
  "class_support": {
    "eclipsing_binary": 496,
    "blend_contamination": 270,
    "exoplanet_transit": 260,
    "stellar_variability_or_other": 4
  },
  "sector_support": {
    "1": 94,
    "2": 42,
    "3": 14,
    "4": 25,
    "5": 23,
    "6": 26,
    "7": 21,
    "8": 25,
    "9": 34,
    "10": 27,
    "11": 21,
    "12": 25,
    "13": 21,
    "14": 57,
    "15": 17,
    "16": 12,
    "17": 10,
    "18": 19,
    "19": 12,
    "20": 12,
    "21": 8,
    "22": 7,
    "23": 5,
    "24": 2,
    "25": 1,
    "26": 2,
    "27": 43,
    "28": 12,
    "29": 3,
    "33": 6,
    "34": 8,
    "35": 5,
    "36": 7,
    "37": 2,
    "39": 8,
    "40": 7,
    "41": 1,
    "42": 5,
    "43": 2,
    "44": 5,
    "46": 1,
    "48": 1,
    "49": 1,
    "52": 1,
    "53": 1,
    "56": 5,
    "57": 3,
    "58": 4,
    "59": 2,
    "60": 2,
    "61": 19,
    "62": 10,
    "63": 8,
    "64": 5,
    "65": 7,
    "66": 9,
    "67": 1,
    "68": 2,
    "69": 1,
    "70": 6,
    "71": 1,
    "74": 4,
    "75": 4,
    "76": 1,
    "77": 5,
    "78": 171,
    "79": 34,
    "80": 1,
    "81": 4,
    "83": 1,
    "84": 1,
    "86": 4,
    "87": 12,
    "88": 2,
    "89": 2,
    "92": 4,
    "94": 1,
    "96": 1,
    "97": 2,
    "98": 3,
    "99": 1,
    "102": 5,
    "103": 1
  },
  "eb": {
    "threshold": 0.5099999999999999,
    "tp": 399,
    "fp": 256,
    "fn": 97,
    "tn": 278,
    "precision": 0.6091603053435114,
    "recall": 0.8044354838709677,
    "f1": 0.6933101650738488,
    "positive_support": 496,
    "negative_support": 534,
    "precision_95ci": [
      0.571259415652905,
      0.6457882024695694
    ],
    "recall_95ci": [
      0.767245004777204,
      0.836946403060799
    ]
  },
  "blend": {
    "threshold": 0.4099999999999999,
    "tp": 173,
    "fp": 514,
    "fn": 97,
    "tn": 246,
    "precision": 0.25181950509461426,
    "recall": 0.6407407407407407,
    "f1": 0.3615464994775339,
    "positive_support": 270,
    "negative_support": 760,
    "precision_95ci": [
      0.2208022545417901,
      0.285596896870053
    ],
    "recall_95ci": [
      0.5819054844230047,
      0.6956272206152363
    ]
  },
  "clean_planet_false_blend_flags": 137,
  "clean_planet_support": 260,
  "clean_planet_false_blend_rate": 0.5269230769230769,
  "review_required": 928,
  "availability": {
    "odd_even_available": 561,
    "secondary_available": 774,
    "morphology_available": 773,
    "harmonic_available": 760,
    "centroid_available": 752,
    "difference_image_available": 0,
    "gaia_available": 0,
    "crowding_available": 773,
    "multi_aperture_available": 0
  }
}