target_id,tic_id,sector,class_label,split,processing_status,failure_reason,true_period_days,true_duration_days,true_depth,bls_power,snr,period_days,duration_days,depth,transit_count,odd_even_depth_delta,v_shape_score,local_noise,depth_to_noise_ratio,phase_shape_kurtosis,bls_sde,secondary_eclipse_depth,centroid_shift,crowding_metric,gaia_neighbor_count
TIC-1129033,1129033,4,exoplanet_transit,train,success,,1.3600283,0.09021979583333334,0.0194276944703,1.0,20.216304653677245,1.3593174288859842,0.05,0.014563488115902697,19.0,0.00035357947069547535,0.0,0.004612703722761705,3.157256349250909,3.102394906989936,6.29577169489557,0.0,0.00284558,1.0,0.0
TIC-4616072,4616072,6,exoplanet_transit,train,success,,4.1876154,0.12529257083333334,0.010906185708000001,1.0,15.519581709406138,4.185239377039729,0.112,0.013135165039796615,5.0,0.0017237594988088745,0.0,0.004231803822340016,3.103916341881227,-0.05979961080325058,11.750998208339054,0.0,0.00060757,1.0,0.0
TIC-2760710,2760710,2,stellar_variability_or_other,train,success,,0.0,0.06291666666666666,0.0304,1.0,29.87778456269944,1.331195121235681,0.25,0.007193397307825573,20.0,0.0008199426051951342,0.0,0.0035547896206668396,2.023578910550597,-0.39975656180777097,8.988540885652185,0.0,0.01441482,1.0,0.0
TIC-4999813,4999813,7,stellar_variability_or_other,train,success,,2.0849517,0.12912500000000002,0.00238,1.0,7.359081453041659,2.0835532015817866,0.112,0.002253023340132942,11.0,0.0003936928792181993,0.0,0.0023714703881541877,0.9500533303671408,0.9919245484343833,7.452423243802585,0.0,0.00303166,1.0,0.0
TIC-9033144,9033144,2,stellar_variability_or_other,train,success,,4.7150255,0.13758333333333334,0.004566,1.0,32.640970300738765,4.716680354175468,0.112,0.004085660356466207,5.0,0.000984220340297881,0.0,0.000613203776937558,6.662810162179164,-1.1221298361322134,12.880701756722065,0.0,0.0108334,1.0,0.0
TIC-6893917,6893917,44,exoplanet_transit,train,success,,3.0801795,0.14529565833333333,0.008926432346,1.0,97.3211852857797,3.0812760914756727,0.112,0.008495158573096847,7.0,0.0002671718242037713,0.0,0.0009990788106415736,8.502991438324623,-3.0,9.240813485172604,0.0,0.01689946,1.0,0.0
TIC-9443323,9443323,19,exoplanet_transit,train,success,,4.01357,0.17242167500000002,0.0085614394866,1.0,18.0319259971507,4.02036266117716,0.112,0.008799568229310826,6.0,0.002152901626202075,0.0,0.002927996121113612,3.005320999525117,-0.6454082834287416,9.062380489294481,0.0,0.00737484,1.0,0.0
