{
  "status": "DEVELOPMENT_RESTRICTED",
  "production_eligible": false,
  "ml_enabled_for_prototype": true,
  "model_id": "prototype-20260629T153312Z",
  "selected_model": "xgboost_depth4",
  "class_order": [
    "exoplanet_transit",
    "eclipsing_binary",
    "blend_contamination"
  ],
  "source": "C:\\Users\\arach\\Documents\\Projects\\Transitlens\\transitlens-ml-core\\phase2_prototype\\current",
  "seed": 42,
  "python": "3.14.6",
  "validation_metrics": {
    "targets": 1033,
    "macro_f1": 0.7220942351242007,
    "ece": 0.016531070720279938,
    "brier_score": 0.32943366024235166,
    "per_class": {
      "exoplanet_transit": {
        "precision": 0.581081081081081,
        "recall": 0.671875,
        "f1-score": 0.6231884057971014,
        "support": 256.0
      },
      "eclipsing_binary": {
        "precision": 0.8387096774193549,
        "recall": 0.7722772277227723,
        "f1-score": 0.8041237113402062,
        "support": 505.0
      },
      "blend_contamination": {
        "precision": 0.7389705882352942,
        "recall": 0.7389705882352942,
        "f1-score": 0.7389705882352942,
        "support": 272.0
      }
    }
  },
  "blind_test_metrics": {
    "targets": 1026,
    "macro_f1": 0.7330570063769049,
    "ece": 0.017425224347622607,
    "brier_score": 0.31580649304245817,
    "per_class": {
      "exoplanet_transit": {
        "precision": 0.6055363321799307,
        "recall": 0.6730769230769231,
        "f1-score": 0.6375227686703097,
        "support": 260.0
      },
      "eclipsing_binary": {
        "precision": 0.853448275862069,
        "recall": 0.7983870967741935,
        "f1-score": 0.825,
        "support": 496.0
      },
      "blend_contamination": {
        "precision": 0.7326007326007326,
        "recall": 0.7407407407407407,
        "f1-score": 0.7366482504604052,
        "support": 270.0
      }
    },
    "review_rate": 0.5038986354775828,
    "coverage": 0.49610136452241715
  },
  "review_policy": {
    "minimum_probability": 0.75,
    "maximum_normalized_entropy": 0.65,
    "maximum_disagreement": 0.12
  },
  "trials": [
    {
      "model": "xgboost_depth4",
      "selection_score": 0.7148811207451592,
      "targets": 1033,
      "macro_f1": 0.7220942351242007,
      "ece": 0.021167682395438384,
      "brier_score": 0.3301608362303591,
      "per_class": {
        "exoplanet_transit": {
          "precision": 0.581081081081081,
          "recall": 0.671875,
          "f1-score": 0.6231884057971014,
          "support": 256.0
        },
        "eclipsing_binary": {
          "precision": 0.8387096774193549,
          "recall": 0.7722772277227723,
          "f1-score": 0.8041237113402062,
          "support": 505.0
        },
        "blend_contamination": {
          "precision": 0.7389705882352942,
          "recall": 0.7389705882352942,
          "f1-score": 0.7389705882352942,
          "support": 272.0
        }
      }
    },
    {
      "model": "xgboost_depth6",
      "selection_score": 0.7057104503681723,
      "targets": 1033,
      "macro_f1": 0.7090867089684636,
      "ece": 0.046587769861719835,
      "brier_score": 0.3369007700421316,
      "per_class": {
        "exoplanet_transit": {
          "precision": 0.5812274368231047,
          "recall": 0.62890625,
          "f1-score": 0.6041275797373359,
          "support": 256.0
        },
        "eclipsing_binary": {
          "precision": 0.823045267489712,
          "recall": 0.7920792079207921,
          "f1-score": 0.8072653884964682,
          "support": 505.0
        },
        "blend_contamination": {
          "precision": 0.7185185185185186,
          "recall": 0.7132352941176471,
          "f1-score": 0.7158671586715867,
          "support": 272.0
        }
      }
    },
    {
      "model": "extra_trees_deep",
      "selection_score": 0.7007260150965016,
      "targets": 1033,
      "macro_f1": 0.7016156157282015,
      "ece": 0.031493569354169595,
      "brier_score": 0.3635074421637,
      "per_class": {
        "exoplanet_transit": {
          "precision": 0.5917602996254682,
          "recall": 0.6171875,
          "f1-score": 0.6042065009560229,
          "support": 256.0
        },
        "eclipsing_binary": {
          "precision": 0.8259109311740891,
          "recall": 0.807920792079208,
          "f1-score": 0.8168168168168168,
          "support": 505.0
        },
        "blend_contamination": {
          "precision": 0.6838235294117647,
          "recall": 0.6838235294117647,
          "f1-score": 0.6838235294117647,
          "support": 272.0
        }
      }
    },
    {
      "model": "extra_trees_balanced",
      "selection_score": 0.6972739113877395,
      "targets": 1033,
      "macro_f1": 0.7122822997794055,
      "ece": 0.04150809906971919,
      "brier_score": 0.35863924985655365,
      "per_class": {
        "exoplanet_transit": {
          "precision": 0.5457063711911357,
          "recall": 0.76953125,
          "f1-score": 0.6385737439222042,
          "support": 256.0
        },
        "eclipsing_binary": {
          "precision": 0.9037037037037037,
          "recall": 0.7247524752475247,
          "f1-score": 0.8043956043956044,
          "support": 505.0
        },
        "blend_contamination": {
          "precision": 0.700374531835206,
          "recall": 0.6875,
          "f1-score": 0.6938775510204082,
          "support": 272.0
        }
      }
    },
    {
      "model": "hist_gradient_boosting",
      "selection_score": 0.6891384896698837,
      "targets": 1033,
      "macro_f1": 0.6994328092599437,
      "ece": 0.1251217934312921,
      "brier_score": 0.3829254485525267,
      "per_class": {
        "exoplanet_transit": {
          "precision": 0.546031746031746,
          "recall": 0.671875,
          "f1-score": 0.6024518388791593,
          "support": 256.0
        },
        "eclipsing_binary": {
          "precision": 0.865296803652968,
          "recall": 0.7504950495049505,
          "f1-score": 0.8038176033934252,
          "support": 505.0
        },
        "blend_contamination": {
          "precision": 0.6821428571428572,
          "recall": 0.7022058823529411,
          "f1-score": 0.6920289855072463,
          "support": 272.0
        }
      }
    },
    {
      "model": "random_forest_balanced",
      "selection_score": 0.6826662284181353,
      "targets": 1033,
      "macro_f1": 0.6906585662998385,
      "ece": 0.042253327583320704,
      "brier_score": 0.35284067934183333,
      "per_class": {
        "exoplanet_transit": {
          "precision": 0.5466666666666666,
          "recall": 0.640625,
          "f1-score": 0.5899280575539568,
          "support": 256.0
        },
        "eclipsing_binary": {
          "precision": 0.8514412416851441,
          "recall": 0.7603960396039604,
          "f1-score": 0.803347280334728,
          "support": 505.0
        },
        "blend_contamination": {
          "precision": 0.6666666666666666,
          "recall": 0.6911764705882353,
          "f1-score": 0.6787003610108303,
          "support": 272.0
        }
      }
    },
    {
      "model": "logistic_regression",
      "selection_score": 0.591790072636109,
      "targets": 1033,
      "macro_f1": 0.6082099258983843,
      "ece": 0.07005505989386415,
      "brier_score": 0.4459067820205127,
      "per_class": {
        "exoplanet_transit": {
          "precision": 0.43680709534368073,
          "recall": 0.76953125,
          "f1-score": 0.5572842998585573,
          "support": 256.0
        },
        "eclipsing_binary": {
          "precision": 0.8664850136239782,
          "recall": 0.6297029702970297,
          "f1-score": 0.7293577981651376,
          "support": 505.0
        },
        "blend_contamination": {
          "precision": 0.6093023255813953,
          "recall": 0.48161764705882354,
          "f1-score": 0.5379876796714579,
          "support": 272.0
        }
      }
    }
  ],